{
  "in_sample": {
    "total_return_%": 4424.053999281167,
    "max_drawdown_%": 0.9519274135019835,
    "sharpe_ratio": 0.3177032507068927,
    "sortino_ratio": 49.6628023458121,
    "calmar_ratio": 337.8365557258224,
    "total_trades": 25,
    "win_rate_%": 76.0,
    "profit_factor": 48.4640221033734
  },
  "out_of_sample": {
    "total_return_%": 395.2256189282635,
    "max_drawdown_%": 2.7724616112886418,
    "sharpe_ratio": 1.329804399417362,
    "sortino_ratio": 2.390947286568654,
    "calmar_ratio": 14.786747267345177,
    "total_trades": 19,
    "win_rate_%": 78.94736842105263,
    "profit_factor": 33.992799404148855
  }
}