{
  "in_sample": {
    "total_return_%": 55805.829664956385,
    "max_drawdown_%": 0.06588888520407714,
    "sharpe_ratio": 0.3098525636473171,
    "sortino_ratio": 11257.162162216671,
    "calmar_ratio": 79350.75464691767,
    "total_trades": 25,
    "win_rate_%": 72.0,
    "profit_factor": 547.0106045575471
  },
  "out_of_sample": {
    "total_return_%": 334.38586715579044,
    "max_drawdown_%": 5.738458662735848,
    "sharpe_ratio": 1.10756522657625,
    "sortino_ratio": 0.9823529711921609,
    "calmar_ratio": 6.542731369625648,
    "total_trades": 17,
    "win_rate_%": 76.47058823529412,
    "profit_factor": 29.2416199141725
  }
}