{
  "in_sample": {
    "total_return_%": 5657.571920471814,
    "max_drawdown_%": 0.7095046071191353,
    "sharpe_ratio": 0.3152649588947939,
    "sortino_ratio": 89.0995520195977,
    "calmar_ratio": 618.8373477335955,
    "total_trades": 24,
    "win_rate_%": 75.0,
    "profit_factor": 61.68089168350952
  },
  "out_of_sample": {
    "total_return_%": 373.79312722463044,
    "max_drawdown_%": 3.1797680690165016,
    "sharpe_ratio": 1.2125421543191652,
    "sortino_ratio": 1.9936629380529127,
    "calmar_ratio": 12.657602933388311,
    "total_trades": 19,
    "win_rate_%": 73.68421052631578,
    "profit_factor": 31.631951281304683
  }
}