{
  "in_sample": {
    "total_return_%": 4520.636851927066,
    "max_drawdown_%": 0.9271240450765857,
    "sharpe_ratio": 0.3171027547136161,
    "sortino_ratio": 52.24628894541403,
    "calmar_ratio": 356.122529227,
    "total_trades": 25,
    "win_rate_%": 76.0,
    "profit_factor": 49.4990536594429
  },
  "out_of_sample": {
    "total_return_%": 368.8026015806563,
    "max_drawdown_%": 3.1797680690165016,
    "sharpe_ratio": 1.2063755422159534,
    "sortino_ratio": 2.0137959113611332,
    "calmar_ratio": 12.629767885109844,
    "total_trades": 18,
    "win_rate_%": 77.77777777777779,
    "profit_factor": 29.972050409594875
  }
}