{
  "in_sample": {
    "total_return_%": 4811.164397247956,
    "max_drawdown_%": 39.41817335823687,
    "sharpe_ratio": 0.311830734934258,
    "sortino_ratio": 2.907912866088257,
    "calmar_ratio": 13.946858346121273,
    "total_trades": 27,
    "win_rate_%": 70.37037037037037,
    "profit_factor": 37.397552898863935
  },
  "out_of_sample": {
    "total_return_%": 362.17659146141017,
    "max_drawdown_%": 4.063764882032778,
    "sharpe_ratio": 1.1998886381499445,
    "sortino_ratio": 1.5188575239451696,
    "calmar_ratio": 9.667286006373619,
    "total_trades": 17,
    "win_rate_%": 76.47058823529412,
    "profit_factor": 21.302486523229668
  }
}