{
  "in_sample": {
    "total_return_%": 4620.748553787629,
    "max_drawdown_%": 2.869069315225998,
    "sharpe_ratio": 0.31787841478502243,
    "sortino_ratio": 21.762050644072243,
    "calmar_ratio": 121.28986251863319,
    "total_trades": 26,
    "win_rate_%": 73.07692307692307,
    "profit_factor": 49.17823320362634
  },
  "out_of_sample": {
    "total_return_%": 399.64861266064736,
    "max_drawdown_%": 2.7724616112886418,
    "sharpe_ratio": 1.34064855332076,
    "sortino_ratio": 2.164771984508405,
    "calmar_ratio": 14.926472799690275,
    "total_trades": 19,
    "win_rate_%": 78.94736842105263,
    "profit_factor": 38.00209033611016
  }
}