{
  "in_sample": {
    "total_return_%": 4596.596655868578,
    "max_drawdown_%": 0.9082619604335423,
    "sharpe_ratio": 0.3188415767791736,
    "sortino_ratio": 52.83210859715521,
    "calmar_ratio": 352.2529191987483,
    "total_trades": 29,
    "win_rate_%": 72.41379310344827,
    "profit_factor": 49.94237020327827
  },
  "out_of_sample": {
    "total_return_%": 399.64861266064736,
    "max_drawdown_%": 2.7724616112886418,
    "sharpe_ratio": 1.34064855332076,
    "sortino_ratio": 2.164771984508405,
    "calmar_ratio": 14.926472799690275,
    "total_trades": 19,
    "win_rate_%": 78.94736842105263,
    "profit_factor": 38.00209033611016
  }
}