{
  "in_sample": {
    "total_return_%": 5557.573206820247,
    "max_drawdown_%": 0.7254157365552013,
    "sharpe_ratio": 0.3152907321421849,
    "sortino_ratio": 85.2168333125455,
    "calmar_ratio": 590.7191367634115,
    "total_trades": 24,
    "win_rate_%": 75.0,
    "profit_factor": 60.60925400290386
  },
  "out_of_sample": {
    "total_return_%": 373.79312722463044,
    "max_drawdown_%": 3.1797680690165016,
    "sharpe_ratio": 1.2125421543191652,
    "sortino_ratio": 1.9936629380529127,
    "calmar_ratio": 12.657602933388311,
    "total_trades": 19,
    "win_rate_%": 73.68421052631578,
    "profit_factor": 31.631951281304683
  }
}