{
  "in_sample": {
    "total_return_%": 4336.215966738871,
    "max_drawdown_%": 5.76302528538331,
    "sharpe_ratio": 0.32197108841077116,
    "sortino_ratio": 13.374284863526192,
    "calmar_ratio": 37.77982076354852,
    "total_trades": 43,
    "win_rate_%": 67.44186046511628,
    "profit_factor": 40.7630855920984
  },
  "out_of_sample": {
    "total_return_%": 366.7934301710324,
    "max_drawdown_%": 4.063764882032778,
    "sharpe_ratio": 1.2020505875334526,
    "sortino_ratio": 2.1279365558477505,
    "calmar_ratio": 9.693551973566683,
    "total_trades": 17,
    "win_rate_%": 76.47058823529412,
    "profit_factor": 17.70967585420425
  }
}