{
  "in_sample": {
    "total_return_%": 4423.034892427725,
    "max_drawdown_%": 0.9519274135019835,
    "sharpe_ratio": 0.3182013674981336,
    "sortino_ratio": 49.81899840471855,
    "calmar_ratio": 338.89909622024436,
    "total_trades": 24,
    "win_rate_%": 75.0,
    "profit_factor": 48.45095752690909
  },
  "out_of_sample": {
    "total_return_%": 398.95938385214686,
    "max_drawdown_%": 2.7724616112886418,
    "sharpe_ratio": 1.3390353292519728,
    "sortino_ratio": 2.161085862638967,
    "calmar_ratio": 14.9010563594304,
    "total_trades": 19,
    "win_rate_%": 78.94736842105263,
    "profit_factor": 37.93887805619624
  }
}