{
  "in_sample": {
    "total_return_%": 5543.479234846375,
    "max_drawdown_%": 0.7264635646406687,
    "sharpe_ratio": 0.3172728404061276,
    "sortino_ratio": 85.99809231202913,
    "calmar_ratio": 596.3729802331566,
    "total_trades": 23,
    "win_rate_%": 73.91304347826086,
    "profit_factor": 60.45607244272804
  },
  "out_of_sample": {
    "total_return_%": 410.94715957125015,
    "max_drawdown_%": 2.7724616112886418,
    "sharpe_ratio": 1.3636372726941757,
    "sortino_ratio": 1.962273695138236,
    "calmar_ratio": 15.114118681286358,
    "total_trades": 18,
    "win_rate_%": 83.33333333333334,
    "profit_factor": 42.556093523105915
  }
}