{
  "in_sample": {
    "total_return_%": 5543.479234846375,
    "max_drawdown_%": 0.7264635646406687,
    "sharpe_ratio": 0.3172102060612711,
    "sortino_ratio": 85.96414122939507,
    "calmar_ratio": 596.137538867095,
    "total_trades": 23,
    "win_rate_%": 73.91304347826086,
    "profit_factor": 60.45607244272804
  },
  "out_of_sample": {
    "total_return_%": 406.02378902189787,
    "max_drawdown_%": 2.7724616112886418,
    "sharpe_ratio": 1.3567783163405054,
    "sortino_ratio": 1.9515444188516005,
    "calmar_ratio": 15.03147804070584,
    "total_trades": 18,
    "win_rate_%": 83.33333333333334,
    "profit_factor": 42.06255245721272
  }
}