{
  "in_sample": {
    "total_return_%": 4424.053999281167,
    "max_drawdown_%": 0.9519274135019835,
    "sharpe_ratio": 0.3175785379574682,
    "sortino_ratio": 49.623820554331864,
    "calmar_ratio": 337.57137789558226,
    "total_trades": 25,
    "win_rate_%": 76.0,
    "profit_factor": 48.4640221033734
  },
  "out_of_sample": {
    "total_return_%": 389.8026441238418,
    "max_drawdown_%": 2.7724616112886418,
    "sharpe_ratio": 1.3210898832202727,
    "sortino_ratio": 2.3484861416667604,
    "calmar_ratio": 14.680634289097517,
    "total_trades": 19,
    "win_rate_%": 78.94736842105263,
    "profit_factor": 31.62136407883276
  }
}