{
  "in_sample": {
    "total_return_%": 4793.507374137251,
    "max_drawdown_%": 4.901002048511771,
    "sharpe_ratio": 0.33497696082032746,
    "sortino_ratio": 7.533535685997038,
    "calmar_ratio": 33.60022590860478,
    "total_trades": 47,
    "win_rate_%": 68.08510638297872,
    "profit_factor": 35.72102770306424
  },
  "out_of_sample": {
    "total_return_%": 354.7266638048118,
    "max_drawdown_%": 4.063764882032778,
    "sharpe_ratio": 1.1852439652404492,
    "sortino_ratio": 1.8266470945488447,
    "calmar_ratio": 9.533870863381729,
    "total_trades": 19,
    "win_rate_%": 68.42105263157895,
    "profit_factor": 15.155923942979307
  }
}