{
  "in_sample": {
    "total_return_%": 5545.565256800553,
    "max_drawdown_%": 0.72629975911157,
    "sharpe_ratio": 0.31581623531542463,
    "sortino_ratio": 84.30227932883037,
    "calmar_ratio": 584.6216809156533,
    "total_trades": 25,
    "win_rate_%": 76.0,
    "profit_factor": 60.48271393343955
  },
  "out_of_sample": {
    "total_return_%": 375.4165002226505,
    "max_drawdown_%": 3.1797680690165016,
    "sharpe_ratio": 1.216042041922007,
    "sortino_ratio": 1.8437589873412163,
    "calmar_ratio": 12.705348181830896,
    "total_trades": 18,
    "win_rate_%": 77.77777777777779,
    "profit_factor": 35.7613112054773
  }
}