{
  "in_sample": {
    "total_return_%": 5658.63883557255,
    "max_drawdown_%": 0.7093483594282359,
    "sharpe_ratio": 0.3156052593715227,
    "sortino_ratio": 88.34126412413146,
    "calmar_ratio": 613.5794769324716,
    "total_trades": 25,
    "win_rate_%": 76.0,
    "profit_factor": 61.69446859775672
  },
  "out_of_sample": {
    "total_return_%": 377.9593413089613,
    "max_drawdown_%": 3.1797680690165016,
    "sharpe_ratio": 1.2196368843985759,
    "sortino_ratio": 1.8494159607232168,
    "calmar_ratio": 12.744330400747323,
    "total_trades": 18,
    "win_rate_%": 77.77777777777779,
    "profit_factor": 35.994526620361334
  }
}