{
  "in_sample": {
    "total_return_%": 55812.665015099024,
    "max_drawdown_%": 0.06588082034583242,
    "sharpe_ratio": 0.31032587168940406,
    "sortino_ratio": 11292.97135120148,
    "calmar_ratio": 79603.08615776518,
    "total_trades": 25,
    "win_rate_%": 72.0,
    "profit_factor": 547.0774764117401
  },
  "out_of_sample": {
    "total_return_%": 322.8665720693008,
    "max_drawdown_%": 5.738458662735848,
    "sharpe_ratio": 1.0897403385542064,
    "sortino_ratio": 1.1129047951835154,
    "calmar_ratio": 6.458295188404725,
    "total_trades": 17,
    "win_rate_%": 70.58823529411765,
    "profit_factor": 19.343350212287156
  }
}