{
  "in_sample": {
    "total_return_%": 55805.829664956385,
    "max_drawdown_%": 0.06588888520407714,
    "sharpe_ratio": 0.31020728909176337,
    "sortino_ratio": 11282.95176625382,
    "calmar_ratio": 79532.54331735734,
    "total_trades": 25,
    "win_rate_%": 72.0,
    "profit_factor": 547.0106045575471
  },
  "out_of_sample": {
    "total_return_%": 322.8665720693008,
    "max_drawdown_%": 5.738458662735848,
    "sharpe_ratio": 1.089253184070176,
    "sortino_ratio": 1.1119137846802354,
    "calmar_ratio": 6.452544257693767,
    "total_trades": 17,
    "win_rate_%": 70.58823529411765,
    "profit_factor": 19.343350212287156
  }
}