{
  "in_sample": {
    "total_return_%": 5470.424205986717,
    "max_drawdown_%": 4.318350223513189,
    "sharpe_ratio": 0.31406399894081316,
    "sortino_ratio": 17.667915408948545,
    "calmar_ratio": 100.20139674363058,
    "total_trades": 25,
    "win_rate_%": 72.0,
    "profit_factor": 57.197234741765854
  },
  "out_of_sample": {
    "total_return_%": 385.66583865293904,
    "max_drawdown_%": 3.1797680690165016,
    "sharpe_ratio": 1.2299534427536636,
    "sortino_ratio": 1.6190946710062744,
    "calmar_ratio": 12.744188769190176,
    "total_trades": 17,
    "win_rate_%": 82.35294117647058,
    "profit_factor": 31.576799214629133
  }
}