{
  "in_sample": {
    "total_return_%": 55824.14654072749,
    "max_drawdown_%": 0.06587667019928016,
    "sharpe_ratio": 0.3112191863910088,
    "sortino_ratio": 11017.439985860066,
    "calmar_ratio": 80067.05572387384,
    "total_trades": 25,
    "win_rate_%": 76.0,
    "profit_factor": 584.4743349445165
  },
  "out_of_sample": {
    "total_return_%": 364.0769725062806,
    "max_drawdown_%": 4.063764882032778,
    "sharpe_ratio": 1.1987077407935984,
    "sortino_ratio": 1.7080685570360012,
    "calmar_ratio": 9.619425462040878,
    "total_trades": 18,
    "win_rate_%": 72.22222222222221,
    "profit_factor": 21.671524603028068
  }
}