{
  "in_sample": {
    "total_return_%": 55805.829664956385,
    "max_drawdown_%": 0.06588888520407714,
    "sharpe_ratio": 0.3097345919795216,
    "sortino_ratio": 11248.591806554532,
    "calmar_ratio": 79290.34295704564,
    "total_trades": 25,
    "win_rate_%": 72.0,
    "profit_factor": 547.0106045575471
  },
  "out_of_sample": {
    "total_return_%": 322.8665720693008,
    "max_drawdown_%": 5.738458662735848,
    "sharpe_ratio": 1.0873110790715999,
    "sortino_ratio": 1.1079673293663748,
    "calmar_ratio": 6.429642592182877,
    "total_trades": 17,
    "win_rate_%": 70.58823529411765,
    "profit_factor": 19.343350212287156
  }
}