{
  "in_sample": {
    "total_return_%": 55820.6284423341,
    "max_drawdown_%": 0.06588082034583242,
    "sharpe_ratio": 0.3109205615199769,
    "sortino_ratio": 10907.437644612815,
    "calmar_ratio": 79908.4506936852,
    "total_trades": 25,
    "win_rate_%": 76.0,
    "profit_factor": 563.7465613536841
  },
  "out_of_sample": {
    "total_return_%": 364.0769725062806,
    "max_drawdown_%": 4.063764882032778,
    "sharpe_ratio": 1.1976299186300368,
    "sortino_ratio": 1.7050129782219834,
    "calmar_ratio": 9.602217187511291,
    "total_trades": 18,
    "win_rate_%": 72.22222222222221,
    "profit_factor": 21.671524603028068
  }
}