{
  "in_sample": {
    "total_return_%": 6069.563073267934,
    "max_drawdown_%": 1.0838746661925749,
    "sharpe_ratio": 0.34327876505991173,
    "sortino_ratio": 52.04606534470113,
    "calmar_ratio": 171.27849034296636,
    "total_trades": 35,
    "win_rate_%": 65.71428571428571,
    "profit_factor": 54.15640094418495
  },
  "out_of_sample": {
    "total_return_%": 363.76955658894457,
    "max_drawdown_%": 4.063764882032778,
    "sharpe_ratio": 1.1989908906416205,
    "sortino_ratio": 1.7501326541060351,
    "calmar_ratio": 9.623613949258877,
    "total_trades": 17,
    "win_rate_%": 76.47058823529412,
    "profit_factor": 22.121615399094075
  }
}