{
  "in_sample": {
    "total_return_%": 4768.156379977712,
    "max_drawdown_%": 1.0081066402139913,
    "sharpe_ratio": 0.31783375723128177,
    "sortino_ratio": 53.910964490708366,
    "calmar_ratio": 356.9629206292395,
    "total_trades": 24,
    "win_rate_%": 70.83333333333334,
    "profit_factor": 51.71030140250987
  },
  "out_of_sample": {
    "total_return_%": 406.14992732409087,
    "max_drawdown_%": 2.7724616112886418,
    "sharpe_ratio": 1.356378076113685,
    "sortino_ratio": 1.9500020351871663,
    "calmar_ratio": 15.019627306512758,
    "total_trades": 19,
    "win_rate_%": 84.21052631578947,
    "profit_factor": 42.095246044599534
  }
}