{
  "in_sample": {
    "total_return_%": 55820.6284423341,
    "max_drawdown_%": 0.06588082034583242,
    "sharpe_ratio": 0.3107418201586518,
    "sortino_ratio": 10894.900359963834,
    "calmar_ratio": 79816.6018997844,
    "total_trades": 25,
    "win_rate_%": 76.0,
    "profit_factor": 563.7465613536841
  },
  "out_of_sample": {
    "total_return_%": 322.8665720693008,
    "max_drawdown_%": 5.738458662735848,
    "sharpe_ratio": 1.0912057331265155,
    "sortino_ratio": 1.1158884541518357,
    "calmar_ratio": 6.475609652716803,
    "total_trades": 17,
    "win_rate_%": 70.58823529411765,
    "profit_factor": 19.343350212287156
  }
}