{
  "in_sample": {
    "total_return_%": 5541.213307044295,
    "max_drawdown_%": 2.9837097989990404,
    "sharpe_ratio": 0.4613614478781953,
    "sortino_ratio": 6.954224932809653,
    "calmar_ratio": 33.330981498001606,
    "total_trades": 35,
    "win_rate_%": 74.28571428571429,
    "profit_factor": 45.17111577145948
  },
  "out_of_sample": {
    "total_return_%": 360.53439646106347,
    "max_drawdown_%": 4.063764882032778,
    "sharpe_ratio": 1.1941595802586962,
    "sortino_ratio": 1.7908760227593399,
    "calmar_ratio": 9.604349202755163,
    "total_trades": 17,
    "win_rate_%": 76.47058823529412,
    "profit_factor": 19.270498342595136
  }
}