{
  "in_sample": {
    "total_return_%": 5567.871260063934,
    "max_drawdown_%": 10.395797243907946,
    "sharpe_ratio": 0.31419643785578216,
    "sortino_ratio": 7.430715658905114,
    "calmar_ratio": 43.39745513472118,
    "total_trades": 26,
    "win_rate_%": 73.07692307692307,
    "profit_factor": 54.841043773675516
  },
  "out_of_sample": {
    "total_return_%": 384.86651643369595,
    "max_drawdown_%": 3.1797680690165016,
    "sharpe_ratio": 1.2310567391430616,
    "sortino_ratio": 1.650152965613365,
    "calmar_ratio": 12.75131704471428,
    "total_trades": 17,
    "win_rate_%": 82.35294117647058,
    "profit_factor": 39.921602274387396
  }
}