{
  "in_sample": {
    "total_return_%": 4424.053999281167,
    "max_drawdown_%": 0.9519274135019835,
    "sharpe_ratio": 0.3180156765096116,
    "sortino_ratio": 49.76052529415097,
    "calmar_ratio": 338.5013265950191,
    "total_trades": 25,
    "win_rate_%": 76.0,
    "profit_factor": 48.4640221033734
  },
  "out_of_sample": {
    "total_return_%": 395.2256189282635,
    "max_drawdown_%": 2.7724616112886418,
    "sharpe_ratio": 1.3316460282434723,
    "sortino_ratio": 2.3975339182120936,
    "calmar_ratio": 14.82748210830205,
    "total_trades": 19,
    "win_rate_%": 78.94736842105263,
    "profit_factor": 33.992799404148855
  }
}