{
  "in_sample": {
    "total_return_%": 5724.3583372204075,
    "max_drawdown_%": 10.395797243907946,
    "sharpe_ratio": 0.3138346776794154,
    "sortino_ratio": 8.092672851858124,
    "calmar_ratio": 47.29771106837303,
    "total_trades": 26,
    "win_rate_%": 73.07692307692307,
    "profit_factor": 56.352854259856095
  },
  "out_of_sample": {
    "total_return_%": 385.02374647871216,
    "max_drawdown_%": 3.1797680690165016,
    "sharpe_ratio": 1.2319574157735493,
    "sortino_ratio": 1.6518597797925916,
    "calmar_ratio": 12.764900195176057,
    "total_trades": 17,
    "win_rate_%": 82.35294117647058,
    "profit_factor": 39.93736372951859
  }
}