{
  "in_sample": {
    "total_return_%": 5145.843676764496,
    "max_drawdown_%": 32.8635006214147,
    "sharpe_ratio": 0.3119287590302241,
    "sortino_ratio": 3.8611314653944935,
    "calmar_ratio": 17.315963503016903,
    "total_trades": 28,
    "win_rate_%": 67.85714285714286,
    "profit_factor": 41.16653857094844
  },
  "out_of_sample": {
    "total_return_%": 362.17659146141017,
    "max_drawdown_%": 4.063764882032778,
    "sharpe_ratio": 1.1998886381499445,
    "sortino_ratio": 1.5188575239451696,
    "calmar_ratio": 9.667286006373619,
    "total_trades": 17,
    "win_rate_%": 76.47058823529412,
    "profit_factor": 21.302486523229668
  }
}