{
  "in_sample": {
    "total_return_%": 5852.901231947612,
    "max_drawdown_%": 0.7163837833828428,
    "sharpe_ratio": 0.335574264403589,
    "sortino_ratio": 40.46291510578329,
    "calmar_ratio": 279.8650069616171,
    "total_trades": 26,
    "win_rate_%": 76.92307692307693,
    "profit_factor": 62.22342776375437
  },
  "out_of_sample": {
    "total_return_%": 364.0769725062806,
    "max_drawdown_%": 4.063764882032778,
    "sharpe_ratio": 1.1992477442781926,
    "sortino_ratio": 1.7096004570871546,
    "calmar_ratio": 9.628052749450783,
    "total_trades": 18,
    "win_rate_%": 72.22222222222221,
    "profit_factor": 21.671524603028068
  }
}