{
  "in_sample": {
    "total_return_%": 55816.89769514208,
    "max_drawdown_%": 0.06588082034583242,
    "sharpe_ratio": 0.3103852222304994,
    "sortino_ratio": 10869.910724335306,
    "calmar_ratio": 79633.52654042523,
    "total_trades": 25,
    "win_rate_%": 76.0,
    "profit_factor": 563.7089538029556
  },
  "out_of_sample": {
    "total_return_%": 322.8665720693008,
    "max_drawdown_%": 5.738458662735848,
    "sharpe_ratio": 1.0897403385542064,
    "sortino_ratio": 1.1129047951835154,
    "calmar_ratio": 6.458295188404725,
    "total_trades": 17,
    "win_rate_%": 70.58823529411765,
    "profit_factor": 19.343350212287156
  }
}