{
  "in_sample": {
    "total_return_%": 6856.076991138244,
    "max_drawdown_%": 0.6452298383201579,
    "sharpe_ratio": 0.3381676803647545,
    "sortino_ratio": 61.88161653441459,
    "calmar_ratio": 332.8657773241884,
    "total_trades": 32,
    "win_rate_%": 71.875,
    "profit_factor": 64.0313667105053
  },
  "out_of_sample": {
    "total_return_%": 360.53439646106347,
    "max_drawdown_%": 4.063764882032778,
    "sharpe_ratio": 1.1941595802586962,
    "sortino_ratio": 1.7908760227593399,
    "calmar_ratio": 9.604349202755163,
    "total_trades": 17,
    "win_rate_%": 76.47058823529412,
    "profit_factor": 19.270498342595136
  }
}