{
  "in_sample": {
    "total_return_%": 5551.331480894077,
    "max_drawdown_%": 0.7254157365552013,
    "sharpe_ratio": 0.31540581015764196,
    "sortino_ratio": 85.23903194727808,
    "calmar_ratio": 591.16535822862,
    "total_trades": 24,
    "win_rate_%": 75.0,
    "profit_factor": 60.542364455526254
  },
  "out_of_sample": {
    "total_return_%": 376.3359683109412,
    "max_drawdown_%": 3.1797680690165016,
    "sharpe_ratio": 1.2161465908915523,
    "sortino_ratio": 1.9993761290682017,
    "calmar_ratio": 12.696645213597535,
    "total_trades": 19,
    "win_rate_%": 73.68421052631578,
    "profit_factor": 31.83823730362848
  }
}