{
  "in_sample": {
    "total_return_%": 5555.785549686734,
    "max_drawdown_%": 28.551877962631888,
    "sharpe_ratio": 0.31206013700692137,
    "sortino_ratio": 5.759998179970881,
    "calmar_ratio": 20.677615933677732,
    "total_trades": 27,
    "win_rate_%": 66.66666666666666,
    "profit_factor": 46.85947238669199
  },
  "out_of_sample": {
    "total_return_%": 359.57097939089965,
    "max_drawdown_%": 4.063764882032778,
    "sharpe_ratio": 1.1974869227641551,
    "sortino_ratio": 1.512722891053541,
    "calmar_ratio": 9.63165027705214,
    "total_trades": 17,
    "win_rate_%": 76.47058823529412,
    "profit_factor": 21.157782499006366
  }
}