{
  "in_sample": {
    "total_return_%": 4424.053999281167,
    "max_drawdown_%": 0.9519274135019835,
    "sharpe_ratio": 0.31732955242345284,
    "sortino_ratio": 49.54604027133135,
    "calmar_ratio": 337.04226915279924,
    "total_trades": 25,
    "win_rate_%": 76.0,
    "profit_factor": 48.4640221033734
  },
  "out_of_sample": {
    "total_return_%": 369.573212091624,
    "max_drawdown_%": 3.1797680690165016,
    "sharpe_ratio": 1.2090664569400347,
    "sortino_ratio": 2.015975483021052,
    "calmar_ratio": 12.65023688590484,
    "total_trades": 18,
    "win_rate_%": 77.77777777777779,
    "profit_factor": 30.032002102937394
  }
}