{
  "in_sample": {
    "total_return_%": 4997.171600862672,
    "max_drawdown_%": 4.6838199613945655,
    "sharpe_ratio": 0.42341307683770935,
    "sortino_ratio": 4.448752768926432,
    "calmar_ratio": 21.299668706956172,
    "total_trades": 53,
    "win_rate_%": 71.69811320754717,
    "profit_factor": 33.31789886446928
  },
  "out_of_sample": {
    "total_return_%": 360.53439646106347,
    "max_drawdown_%": 4.063764882032778,
    "sharpe_ratio": 1.1941595802586962,
    "sortino_ratio": 1.7908760227593399,
    "calmar_ratio": 9.604349202755163,
    "total_trades": 17,
    "win_rate_%": 76.47058823529412,
    "profit_factor": 19.270498342595136
  }
}