{
  "in_sample": {
    "total_return_%": 6176.5979539944265,
    "max_drawdown_%": 0.6423462102991578,
    "sharpe_ratio": 0.31468372699765623,
    "sortino_ratio": 107.49247345714784,
    "calmar_ratio": 750.5885102884258,
    "total_trades": 25,
    "win_rate_%": 76.0,
    "profit_factor": 67.24518508245296
  },
  "out_of_sample": {
    "total_return_%": 384.4606559724048,
    "max_drawdown_%": 3.1797680690165016,
    "sharpe_ratio": 1.2317825421103288,
    "sortino_ratio": 1.6522272046107616,
    "calmar_ratio": 12.767871680884854,
    "total_trades": 18,
    "win_rate_%": 83.33333333333334,
    "profit_factor": 39.90096588505362
  }
}