{
  "in_sample": {
    "total_return_%": 5496.4920470955085,
    "max_drawdown_%": 0.7357415183729258,
    "sharpe_ratio": 0.31522762425196243,
    "sortino_ratio": 82.79686612173988,
    "calmar_ratio": 573.1580033961914,
    "total_trades": 24,
    "win_rate_%": 75.0,
    "profit_factor": 59.9546768593998
  },
  "out_of_sample": {
    "total_return_%": 376.3359683109412,
    "max_drawdown_%": 3.1797680690165016,
    "sharpe_ratio": 1.2155909286527677,
    "sortino_ratio": 1.9975585144054122,
    "calmar_ratio": 12.6851028088579,
    "total_trades": 19,
    "win_rate_%": 73.68421052631578,
    "profit_factor": 31.83823730362848
  }
}