{
  "in_sample": {
    "total_return_%": 4596.439478381606,
    "max_drawdown_%": 0.9082996915442919,
    "sharpe_ratio": 0.31882059772144833,
    "sortino_ratio": 51.67017024097943,
    "calmar_ratio": 352.7370810964621,
    "total_trades": 26,
    "win_rate_%": 76.92307692307693,
    "profit_factor": 50.31353691987236
  },
  "out_of_sample": {
    "total_return_%": 399.64861266064736,
    "max_drawdown_%": 2.7724616112886418,
    "sharpe_ratio": 1.3400284756105059,
    "sortino_ratio": 2.1627823043755847,
    "calmar_ratio": 14.912753615131738,
    "total_trades": 19,
    "win_rate_%": 78.94736842105263,
    "profit_factor": 38.00209033611016
  }
}