{
  "in_sample": {
    "total_return_%": 55820.6284423341,
    "max_drawdown_%": 0.06588082034583242,
    "sharpe_ratio": 0.31056338670670175,
    "sortino_ratio": 10882.391863568926,
    "calmar_ratio": 79724.96401011759,
    "total_trades": 25,
    "win_rate_%": 76.0,
    "profit_factor": 563.7465613536841
  },
  "out_of_sample": {
    "total_return_%": 322.8665720693008,
    "max_drawdown_%": 5.738458662735848,
    "sharpe_ratio": 1.0902281472471276,
    "sortino_ratio": 1.113897573769763,
    "calmar_ratio": 6.464056379473775,
    "total_trades": 17,
    "win_rate_%": 70.58823529411765,
    "profit_factor": 19.343350212287156
  }
}