{
  "in_sample": {
    "total_return_%": 5549.632875125133,
    "max_drawdown_%": 4.318350223513189,
    "sharpe_ratio": 0.3140673419435158,
    "sortino_ratio": 17.99263282597475,
    "calmar_ratio": 102.10389727092698,
    "total_trades": 25,
    "win_rate_%": 72.0,
    "profit_factor": 58.010196076941945
  },
  "out_of_sample": {
    "total_return_%": 385.66583865293904,
    "max_drawdown_%": 3.1797680690165016,
    "sharpe_ratio": 1.2299534427536636,
    "sortino_ratio": 1.6190946710062744,
    "calmar_ratio": 12.744188769190176,
    "total_trades": 17,
    "win_rate_%": 82.35294117647058,
    "profit_factor": 31.576799214629133
  }
}