{
  "in_sample": {
    "total_return_%": 6178.632140807712,
    "max_drawdown_%": 0.641986656258746,
    "sharpe_ratio": 0.3147423457051262,
    "sortino_ratio": 107.64757287119664,
    "calmar_ratio": 751.7503484963709,
    "total_trades": 25,
    "win_rate_%": 76.0,
    "profit_factor": 67.26698447525418
  },
  "out_of_sample": {
    "total_return_%": 381.576226066953,
    "max_drawdown_%": 3.1797680690165016,
    "sharpe_ratio": 1.222588643244467,
    "sortino_ratio": 1.8506015050059692,
    "calmar_ratio": 12.75249998961483,
    "total_trades": 19,
    "win_rate_%": 78.94736842105263,
    "profit_factor": 36.34459032162514
  }
}