{
  "in_sample": {
    "total_return_%": 4635.229594402789,
    "max_drawdown_%": 13.832195805099017,
    "sharpe_ratio": 0.3153315122016436,
    "sortino_ratio": 4.881954315645476,
    "calmar_ratio": 28.57004039231837,
    "total_trades": 26,
    "win_rate_%": 73.07692307692307,
    "profit_factor": 44.39035153234819
  },
  "out_of_sample": {
    "total_return_%": 374.22557638507794,
    "max_drawdown_%": 3.1797680690165016,
    "sharpe_ratio": 1.21425775014068,
    "sortino_ratio": 2.039254407218528,
    "calmar_ratio": 12.713882157911385,
    "total_trades": 18,
    "win_rate_%": 77.77777777777779,
    "profit_factor": 32.2399075651101
  }
}