{
  "in_sample": {
    "total_return_%": 5441.23650596792,
    "max_drawdown_%": 10.395797243907946,
    "sharpe_ratio": 0.3143331050393609,
    "sortino_ratio": 7.23279117820985,
    "calmar_ratio": 42.21553126121139,
    "total_trades": 26,
    "win_rate_%": 73.07692307692307,
    "profit_factor": 53.61763445045184
  },
  "out_of_sample": {
    "total_return_%": 384.86651643369595,
    "max_drawdown_%": 3.1797680690165016,
    "sharpe_ratio": 1.2310567391430616,
    "sortino_ratio": 1.650152965613365,
    "calmar_ratio": 12.75131704471428,
    "total_trades": 17,
    "win_rate_%": 82.35294117647058,
    "profit_factor": 39.921602274387396
  }
}