{
  "in_sample": {
    "total_return_%": 6170.452819276425,
    "max_drawdown_%": 6.080263468886944,
    "sharpe_ratio": 0.31416775148029513,
    "sortino_ratio": 14.606512297535888,
    "calmar_ratio": 84.27428937895358,
    "total_trades": 26,
    "win_rate_%": 73.07692307692307,
    "profit_factor": 63.2175255165206
  },
  "out_of_sample": {
    "total_return_%": 385.02374647871216,
    "max_drawdown_%": 3.1797680690165016,
    "sharpe_ratio": 1.2325191169790302,
    "sortino_ratio": 1.6533587451100078,
    "calmar_ratio": 12.776483589182568,
    "total_trades": 17,
    "win_rate_%": 82.35294117647058,
    "profit_factor": 39.93736372951859
  }
}