{
  "in_sample": {
    "total_return_%": 5562.979814511492,
    "max_drawdown_%": 0.7254157365552013,
    "sharpe_ratio": 0.3152361772394984,
    "sortino_ratio": 85.2218781199587,
    "calmar_ratio": 590.5017785950372,
    "total_trades": 24,
    "win_rate_%": 75.0,
    "profit_factor": 60.667193993475934
  },
  "out_of_sample": {
    "total_return_%": 373.79312722463044,
    "max_drawdown_%": 3.1797680690165016,
    "sharpe_ratio": 1.2119881581166512,
    "sortino_ratio": 1.9918505172001377,
    "calmar_ratio": 12.646096021630687,
    "total_trades": 19,
    "win_rate_%": 73.68421052631578,
    "profit_factor": 31.631951281304683
  }
}