{
  "in_sample": {
    "total_return_%": 5551.331480894077,
    "max_drawdown_%": 0.7254157365552013,
    "sharpe_ratio": 0.31546738306464767,
    "sortino_ratio": 85.27231544276705,
    "calmar_ratio": 591.3961920272254,
    "total_trades": 24,
    "win_rate_%": 75.0,
    "profit_factor": 60.542364455526254
  },
  "out_of_sample": {
    "total_return_%": 381.576226066953,
    "max_drawdown_%": 3.1797680690165016,
    "sharpe_ratio": 1.224266115936963,
    "sortino_ratio": 1.855657793271013,
    "calmar_ratio": 12.78734288576132,
    "total_trades": 19,
    "win_rate_%": 78.94736842105263,
    "profit_factor": 36.34459032162514
  }
}