{
  "in_sample": {
    "total_return_%": 4508.5687749730105,
    "max_drawdown_%": 4.562796990404192,
    "sharpe_ratio": 0.32236148578332346,
    "sortino_ratio": 8.74928167906373,
    "calmar_ratio": 49.32352564869782,
    "total_trades": 28,
    "win_rate_%": 75.0,
    "profit_factor": 46.093364822884574
  },
  "out_of_sample": {
    "total_return_%": 361.2612639643566,
    "max_drawdown_%": 4.063764882032778,
    "sharpe_ratio": 1.194876552258068,
    "sortino_ratio": 1.5144954728343891,
    "calmar_ratio": 9.642982366291598,
    "total_trades": 17,
    "win_rate_%": 76.47058823529412,
    "profit_factor": 21.251653333667438
  }
}