{
  "in_sample": {
    "total_return_%": 5569.498360760015,
    "max_drawdown_%": 4.318350223513189,
    "sharpe_ratio": 0.3142363392182393,
    "sortino_ratio": 18.093100900692978,
    "calmar_ratio": 102.68925296317995,
    "total_trades": 25,
    "win_rate_%": 72.0,
    "profit_factor": 58.214086281149676
  },
  "out_of_sample": {
    "total_return_%": 384.86651643369595,
    "max_drawdown_%": 3.1797680690165016,
    "sharpe_ratio": 1.2310567391430616,
    "sortino_ratio": 1.650152965613365,
    "calmar_ratio": 12.75131704471428,
    "total_trades": 17,
    "win_rate_%": 82.35294117647058,
    "profit_factor": 39.921602274387396
  }
}