{
  "in_sample": {
    "total_return_%": 5559.301235253419,
    "max_drawdown_%": 0.7249953283483042,
    "sharpe_ratio": 0.3173417524343986,
    "sortino_ratio": 86.37527183553306,
    "calmar_ratio": 598.7723534337617,
    "total_trades": 23,
    "win_rate_%": 73.91304347826086,
    "profit_factor": 60.62562914200544
  },
  "out_of_sample": {
    "total_return_%": 389.41575488201926,
    "max_drawdown_%": 2.7553338881882667,
    "sharpe_ratio": 1.350951408293218,
    "sortino_ratio": 1.8527581990293567,
    "calmar_ratio": 14.808800364965679,
    "total_trades": 19,
    "win_rate_%": 84.21052631578947,
    "profit_factor": 31.902942357222816
  }
}